NAME,PLAYER URL,DOWNLOAD URL
naruto-shippuuden-dub-episode-245.mp4,https://vidstreaming.io/streaming.php?id=MTA3NTAy&title=Naruto+Shippuuden+%28Dub%29+Episode+245,https://storage.googleapis.com/numeric-skill-302416/3AVCCCB1HG51/22a_1613024457_107502.mp4
naruto-shippuuden-dub-episode-246.mp4,https://vidstreaming.io/streaming.php?id=MTA3NTAz&title=Naruto+Shippuuden+%28Dub%29+Episode+246,https://storage.googleapis.com/numeric-skill-302416/QCI8X6RRMQA8/22a_1613040810_107503.mp4
naruto-shippuuden-dub-episode-247.mp4,https://vidstreaming.io/streaming.php?id=MTA3NTA0&title=Naruto+Shippuuden+%28Dub%29+Episode+247,https://storage.googleapis.com/numeric-skill-302416/5MAO18SFZJX8/22a_1613038021_107504.mp4
naruto-shippuuden-dub-episode-248.mp4,https://vidstreaming.io/streaming.php?id=MTA3NTA1&title=Naruto+Shippuuden+%28Dub%29+Episode+248,https://storage.googleapis.com/numeric-skill-302416/WO_S7QAPTV7W/22a_1613044404_107505.mp4
naruto-shippuuden-dub-episode-249.mp4,https://vidstreaming.io/streaming.php?id=MTA3NTA2&title=Naruto+Shippuuden+%28Dub%29+Episode+249,https://storage.googleapis.com/numeric-skill-302416/UVOJSE7UXPX9/22a_1613022943_107506.mp4
naruto-shippuuden-dub-episode-250.mp4,https://vidstreaming.io/streaming.php?id=MTA3NTA3&title=Naruto+Shippuuden+%28Dub%29+Episode+250,https://storage.googleapis.com/numeric-skill-302416/ST9A3XLQ76LO/22a_1613023496_107507.mp4
naruto-shippuuden-dub-episode-251.mp4,https://vidstreaming.io/streaming.php?id=MTA3NTA4&title=Naruto+Shippuuden+%28Dub%29+Episode+251,https://storage.googleapis.com/numeric-skill-302416/C1_F8GAU1HYX/22a_1613023499_107508.mp4
naruto-shippuuden-dub-episode-252.mp4,https://vidstreaming.io/streaming.php?id=MTA3NTA5&title=Naruto+Shippuuden+%28Dub%29+Episode+252,https://storage.googleapis.com/numeric-skill-302416/AHDZ49T8HQC_/22a_1613023537_107509.mp4
naruto-shippuuden-dub-episode-253.mp4,https://vidstreaming.io/streaming.php?id=MTA3NTEw&title=Naruto+Shippuuden+%28Dub%29+Episode+253,https://storage.googleapis.com/numeric-skill-302416/_4DGUJUOIYUR/22a_1613026792_107510.mp4
naruto-shippuuden-dub-episode-254.mp4,https://vidstreaming.io/streaming.php?id=MTA3NTEx&title=Naruto+Shippuuden+%28Dub%29+Episode+254,https://storage.googleapis.com/numeric-skill-302416/VH6MDFSE4OQ6/22a_1613036796_107511.mp4
naruto-shippuuden-dub-episode-255.mp4,https://vidstreaming.io/streaming.php?id=MTA3NTEy&title=Naruto+Shippuuden+%28Dub%29+Episode+255,https://storage.googleapis.com/numeric-skill-302416/A9LWAL92YWO/22a_1613024466_107512.mp4
naruto-shippuuden-dub-episode-256.mp4,https://vidstreaming.io/streaming.php?id=MTA3NTEz&title=Naruto+Shippuuden+%28Dub%29+Episode+256,https://storage.googleapis.com/numeric-skill-302416/YWWV57IS7PDL/22a_1613040788_107513.mp4
naruto-shippuuden-dub-episode-257.mp4,https://vidstreaming.io/streaming.php?id=MTA3NTE0&title=Naruto+Shippuuden+%28Dub%29+Episode+257,https://storage.googleapis.com/numeric-skill-302416/9BCPED83UVN/22a_1613037996_107514.mp4
naruto-shippuuden-dub-episode-258.mp4,https://vidstreaming.io/streaming.php?id=MTA3NTE1&title=Naruto+Shippuuden+%28Dub%29+Episode+258,https://storage.googleapis.com/numeric-skill-302416/PHC_LZUFGBZC/22a_1613044384_107515.mp4
naruto-shippuuden-dub-episode-259.mp4,https://vidstreaming.io/streaming.php?id=MTA3NTE2&title=Naruto+Shippuuden+%28Dub%29+Episode+259,https://storage.googleapis.com/numeric-skill-302416/QHIAQ99BXGZB/22a_1613022930_107516.mp4
naruto-shippuuden-dub-episode-260.mp4,https://vidstreaming.io/streaming.php?id=MTA3NTE3&title=Naruto+Shippuuden+%28Dub%29+Episode+260,https://storage.googleapis.com/numeric-skill-302416/BZ5RS6M1C17S/22a_1613027816_107517.mp4
naruto-shippuuden-dub-episode-261.mp4,https://vidstreaming.io/streaming.php?id=MTA3NTE4&title=Naruto+Shippuuden+%28Dub%29+Episode+261,https://storage.googleapis.com/numeric-skill-302416/S_MYZIZBOKO/22a_1613023488_107518.mp4
naruto-shippuuden-dub-episode-262.mp4,https://vidstreaming.io/streaming.php?id=MTA3NTE5&title=Naruto+Shippuuden+%28Dub%29+Episode+262,https://storage.googleapis.com/numeric-skill-302416/3TDPVJMH4XGO/22a_1613023525_107519.mp4
naruto-shippuuden-dub-episode-263.mp4,https://vidstreaming.io/streaming.php?id=MTA3NTIw&title=Naruto+Shippuuden+%28Dub%29+Episode+263,https://storage.googleapis.com/numeric-skill-302416/VUBCQK9A1KC/22a_1613026760_107520.mp4
naruto-shippuuden-dub-episode-264.mp4,https://vidstreaming.io/streaming.php?id=MTA3NTIx&title=Naruto+Shippuuden+%28Dub%29+Episode+264,https://storage.googleapis.com/numeric-skill-302416/KKDVFULRKEI/22a_1613036815_107521.mp4
naruto-shippuuden-dub-episode-265.mp4,https://vidstreaming.io/streaming.php?id=MTA3NTIy&title=Naruto+Shippuuden+%28Dub%29+Episode+265,https://storage.googleapis.com/numeric-skill-302416/G2Y27TTMGZ1K/22a_1613020362_107522.mp4
naruto-shippuuden-dub-episode-266.mp4,https://vidstreaming.io/streaming.php?id=MTA3NTIz&title=Naruto+Shippuuden+%28Dub%29+Episode+266,https://storage.googleapis.com/numeric-skill-302416/H6M7FQ4PLQ19/22a_1613040762_107523.mp4
naruto-shippuuden-dub-episode-267.mp4,https://vidstreaming.io/streaming.php?id=MTA3NTI0&title=Naruto+Shippuuden+%28Dub%29+Episode+267,https://storage.googleapis.com/numeric-skill-302416/ZSXWJEC8R1DE/22a_1613037972_107524.mp4
